question,answer,anchor_words
What are the three European wizarding schools that participate in the Triwizard Tournament?,"Hogwarts, Beauxbatons, and Durmstrang.",['Hogwarts']
When was Hogwarts founded?,10th century,['Hogwarts']
What is a Wronski Feint?,Pretending to dive for the Snitch,[]
You wouldn't know anything about this. Name a method to make your broom go faster.,Using polish,[]
Harry first took the Knight Bus in The Prisoner of Azkaban. How much does a ticket cost if it includes hot chocolate?,14 sickles.,['Knight Bus']
What charm creates water?,Aguamenti,['Aguamenti']
Which of these is an ingredient in Befuddlement Draughts?,Sneezewort,[]
What magical creature runs guards wand wood trees?,Bowtruckles,[]
Name all seven Weasley children.,"Bill, Charlie, Percy, Fred, George, Ron, and Ginny.",[]
Why did student initially think Harry was the Heir of Slytherin?,He can speak Parseltongue,"['Slytherin', 'Heir of Slytherin']"
Vipera Evanesca is used to vaporize what kind of creature?,Snake,"['Snake', 'Vipera Evanesca']"
"When Riding Facing Backwards, how does steering work?",Turn to the opposite direction.,[]
How old was Luna when she lost her mom?,Nine,[]
Who or what determines the House for each first year student?,The Sorting Hat,"['Sorting Hat', 'The Sorting Hat']"
What is the root language of any spells?,Latin,[]
What did Regulus Black become after he died?,Inferi,[]
Cedric Diggory let Harry use the prefect's bathroom in The Goblet of Fire. What man's statue is next to the special lavatory entrance?,Boris the Bewildered.,"['Cedric Diggory', 'Fir']"
"Who is known as the ""Chosen One""?",Harry Potter,['Harry Potter']
Who destroyed the Horcrux in Helga Hufflepuff's Cup?,Hermione Granger,"['Hermione Granger', 'Hufflepuff']"
What is Filch the Hogwarts caretaker's greatest secret?,He's a Squib.,['Hogwarts']
What is the name of America's magical government?,MACUSA,[]
What year was the first match?,1050 AD,[]
What potion allows a witch or wizard to disguise themselves as someone else for a limited amount of time?,Polyjuice Potion.,['Polyjuice Potion']
What kind of core did Harry's first want possess?,Phoenix Feather,"['Phoenix', 'Phoenix Feather']"
What did a Boggart reveal Seamus Finnigan's worst fear to be?,Banshee,['Seamus Finnigan']
What is Ron's middle name?,Bilius,[]
Which dragon did Cedric Diggory face in the first task of the Triwizard Tournament?,Swedish Short-Snout,['Cedric Diggory']
Where are flying lessons held?,Training Grounds,[]
"""Lemon Drop"" is the password to whose office?",Dumbledore,[]
A statue of what creature marks the entrance to the Headmaster's Office?,Gargoyle,"[""Headmaster's Office""]"
Who has been to every Quidditch World Cup since they were born?,Merula,"['Quidditch World Cup', 'Quidditch']"
Who founded Hogsmeade Village?,Hengist of Woodcroft,['Hogsmeade']
Who was the first Quidditch referee to die in a Quidditch match?,Cyprian Youdle,['Quidditch']
Madam Hooch has distinct yellow what?,Eyes,[]
What eavesdropping tool did Fred and George invent in Harry Potter and the Order of the Phoenix?,Extendable Ears,"['Harry Potter', 'Phoenix', 'Harry Potter and the Order of the Phoenix']"
What does 'Meteolojinx Recanto' do?,Dispel weather charms,[]
At what age can you earn your Apparition license?,17,[]
What does the Vermillious spell make appear from the tip of one's wand?,Red Sparks,[]
What is the name of the house-elf that belongs to the Malfoy family?,Dobby,['Dobby']
What does 'Colloportus' do?,Lock and seal doors,['Colloportus']
How is Quodpot different from Quidditch?,The ball explodes,['Quidditch']
What is Professor Snape’s Patronus?,A doe (the same as Lily Potter’s—sob),['Lily Potter']
Where is Hogwarts located?,Scotland,['Hogwarts']
Catching what object ends a Quidditch match?,Golden Snitch,"['Cat', 'Quidditch']"
What is the Chudley Cannons' team colour?,Orange,[]
Who previously held Snape's post?,Horace Slughorn,"['Horace Slughorn', 'Horace Slughorn']"
What sensation accompanies the Sea Urchin Jinx?,Discomfort,[]
How often does a Streeler's shell change colour?,Every Hour,[]
Who becomes the Charms professor after Professor Flitwick?,Filius Flitwick remains the Charms professor throughout the series.,['Filius Flitwick']
Who is the Hogwarts student who cursed herself to get rid of her acne?,Eloise Midgen,['Hogwarts']
Who famously crafted wand cores from Jackalope antlers?,Isolt Sayre.,[]
Which centaur rescues Harry in the Forbidden Forest in Book 1?,Firenze.,"['Firenze', 'Fir', 'Forbidden Forest']"
What is the core of Draco Malfoy's wand?,Unicorn hair,['Draco Malfoy']
"In the book, which old friend do Harry, Ron and Hermione run into at St. Mungo’s Hospital for Magical Maladies and Injuries?",Gilderoy Lockhart,"['Gilderoy Lockhart', 'Ron and Hermione', 'Gilderoy Lockhart']"
Which creature's hair is often woven into Invisibility Cloaks?,Demiguise,[]
What painting guards the entrance to the Gryffindor common room?,The Fat Lady.,"['The Fat Lady', 'Gryffindor']"
How did I become a metamorphagus?,You were born one.,[]
What happened during the Quidditch World Cup of 1473?,Players committed all the fouls,"['Quidditch World Cup', 'Quidditch']"
Madam Hooch has distinct yellow what?,Eyes,[]
"When Riding Facing Backwards, how does steering work?",Turn to the opposite direction.,[]
What's Helga Hufflepuff's signature item?,Cup,['Hufflepuff']
What magical creature runs guards wand wood trees?,Bowtruckles,[]
From which word did the Mirror of Erised get its name?,Desire,[]
What is the correct pronunciation of the Levitation Charm?,Win-GAR-dium Levi-OH-sa.,['Levitation Charm']
What is the Chudley Cannons' team colour?,Orange,[]
Where is the nearest dragon reserve?,Romania,[]
Where did Dumbledore meet Tom Riddle for the first time?,Wool's Ophanage,"['Tom Riddle', 'Tom', 'Tom Riddle']"
What spell duplicates an item?,Geminio,[]
Which of these is not a type of broom?,Phoenix,['Phoenix']
Where can dark cloud constellations be most easily seen?,The Southern Hemisphere.,[]
What fake illness does Ron Weasley say he has to cover up his absence from Hogwarts?,Spattergroit,"['Ron Weasley', 'Hogwarts']"
What is the name of the dragon that Harry Potter faces in the first task of the Triwizard Tournament?,Hungarian Horntail,['Harry Potter']
Professor Snape is the head of which Hogwarts house?,Slytherin,"['Slytherin', 'Hogwarts']"
Professor Sprout was the head of what department at Hogwarts?,Herbology,['Hogwarts']
What magical creature is known for guarding Gringott's Bank?,Ukrainian Ironbelly (a dragon),[]
What magical sport is popular in North America?,Quodpot,[]
Ginny Weasley bought a pet Pygmy Puff from her older brothers' joke shop. What did she name it?,Arnold,['Ginny Weasley']
"Before Dumbledore, who was Headmaster of Hogwarts?",Armando Dippet,['Hogwarts']
I'd be surprised if you knew this. what's the first step of flying on your broom?,Kicking off,[]
What is the incantation for the Memory Charm?,Obliviate,"['Obliviate', 'Memory Charm']"
In which scenario wiould you use a Deflating Drought?,Nulling Effects from a Swelling Solution,[]
Who does Harry live with before going to Hogwarts?,"His aunt and uncle, Petunia and Vernon Dursley, and cousin Dudley.","['Vernon Dursley', 'Hogwarts']"
"In the Order of Phoenix, who gives the flying lessons to Harry's group?",Rolanda Hooch,"['Rolanda Hooch', 'Phoenix']"
What is the name of Ron's brother who works at Gringotts?,Bill Weasley,"['Bill Weasley', 'Gringotts']"
Which of these charms is the dancing-feet jinx?,Tarantallegra,[]
Phyllomancy is the practice of seeing the future with what?,Leaves,[]
Who created the Sorcerer's Stone?,Nicolas Flamel,[]
What magical bird did Uric have fifty of in his house?,Augureys,[]
Which Quidditch team is last in the league?,Chudley Cannons,['Quidditch']
What does it mean when a magical creature is classified as XXX by the Ministry of Magic?,Competent Wizards Should Cope,"['Wizard', 'Ministry of Magic']"
What is the name of the black family's ancestral home in the Harry Potter series?,Grimmauld Place,['Harry Potter']
Which of the following is caused by space weather?,Auroras.,[]
What does the Ear-Shrivelling Curse cause?,Ears to wither,[]
How many Horcruxes did Voldemort create intentionally?,Six,"['Voldemort', 'Horcruxes']"
My voice is best compared to what?,A Vacuum Cleaner,[]
When did Harry learn Accio?,Year 4,['Accio']
What type of magical creature is Dobby?,House-elf,['Dobby']
Which is not the form of Transfiguration?,Enchantment,[]
"During the Triwizard Tournament, who escorted Hermione to the Yule Ball?",Viktor Krum,['Viktor Krum']
Which of these is not a type of broom?,Occamy,[]
What is the emblem of St. Mungo's Hospital for Magical Maladies and Injuries?,A wand cross with a bone,[]
Which part of the asphodel plant is used in Draught of Living Death?,Root,[]
What’s the best solution for a broken nose?,Episkey,"['Episkey', 'Episkey']"
What does Mimbulus Mimbletonia use as a defence mechanism?,Stinksap,[]
How many Rogue Planets exist in the Milky Way?,Billions.,[]
A Nimbus is a type of what?,Broom,[]
What Quidditch players fend off the Bludgers?,The Beaters,['Quidditch']
Madam Hooch has distinct yellow what?,Eyes,[]
Did Muggles use ancient runes as well?,They did.,[]
Why did Liechtenstein not attend the first meeting of the International Confederation of Wizards?,Their Stance on Troll Rights,['Wizard']
Which of the following was a reason why the 14th century witch burnings were pointless?,Flame-Freezing Charm,['Freezing Charm']
Where are Kappas most commonly found?,Japan,[]
What is the name of the wizard village near Hogwarts?,Hogsmeade,"['Hogsmeade', 'Hogwarts']"
The Deflating Drought is an antidote to which potion?,Swelling Solution,[]
"What is the primary school attended by Harry Potter's son, Albus Severus Potter?",Hogwarts School of Witchcraft and Wizardry,"['Harry Potter', 'Wizard', 'Witch', 'Hogwarts']"
The Medieval Assembly of European Wizards gives out which award?,Bravery Against Fantastic Beasts Award,['Wizard']
A Firebolt is a type of what?,Broom,['Fir']
Who is the Gamekeeper of Hogwarts?,Rubeus Hagrid,"['Rubeus Hagrid', 'Hogwarts']"
What is the Name of America’s Magical Government?,MACUSA,[]
"At the beginning of the story, where does Hedwig find Harry?",She is waiting in his room at the Leaky Cauldron. Clever owl!,[]
How many classes did Hermione Granger take this year?,12!,['Hermione Granger']
What is Voldemort's mother's name?,Merope,['Voldemort']
Why would you need to switch brooms midair?,Broom failure,[]
"What is the name of the werewolf who teaches Defense Against the Dark Arts in ""Harry Potter and the Prisoner of Azkaban""?",Remus Lupin,"['Harry Potter', 'Remus Lupin', 'Harry Potter and the Prisoner of Azkaban']"
What does the term 'Muggle' refer to in Harry Potter?,A non-magical person,['Harry Potter']
What type of Transfiguration turns a goldfinch into a Golden Snitch?,Transformation,[]
"Before Dumbledore, who was Headmaster of Hogwarts?",Armando Dippet,['Hogwarts']
Which of these is not a type of broom?,Phoenix,['Phoenix']
Where does Valerian grow best?,In the sun,[]
What's the tallest tower at Hogwarts?,The Astronomy Tower.,"['Astronomy Tower', 'Hogwarts', 'The Astronomy Tower']"
What is the name of the Wizard village near Hogwarts?,Hogsmeade,"['Wizard', 'Hogsmeade', 'Hogwarts']"
Which mischievous character from the books did not feature in the movies?,Peeves the Poltergeist,[]
Which house does Harry Potter belong to?,Gryffindor,"['Harry Potter', 'Gryffindor']"
What is not an alternate name for Wolfsbane?,Belladonna,['Wolf']
What is the opposite of conjuration?,Vanishment,[]
What is the name of the wizard village near Hogwarts?,Hogsmeade,"['Hogsmeade', 'Hogwarts']"
Where are flying lessons held?,Training Grounds,[]
What magical sport is popular in North America?,Quodpot,[]
"In Book 2, who is the first victim to be petrified by the basilisk?","Filch's cat, Mrs. Norris.",[]
Who was the Minister of Magic during the First World War?,Archie Evermonde,['Fir']
Which Quidditch team is last in the league?,Chudley Cannons,['Quidditch']
Who is the author of 'Fantastic Beasts and Where to Find Them'?,Newt Scamander,[]
Which charm freezes the target in place?,Immobulus,['Immobulus']
Who teaches Defense Against the Dark Arts during Harry's second year at Hogwarts?,Gilderoy Lockhart,"['Gilderoy Lockhart', 'Hogwarts', 'Gilderoy Lockhart']"
What magical sport is popular in North America?,Quodpot,[]
Who discovered the law of elemental transfiguration?,Gamp,[]
Who played Professor Dumbledore in the first movie?,Richard Harris,[]
"On his first ride aboard the Hogwarts Express, whose card did Harry get with his chocolate frog?",Dumbledore,"['Hogwarts Express', 'Hogwarts']"
What is the antidote to Swelling Solution?,Deflating Draught,[]
Which team is in last place?,Chudley Cannons,[]
What are 'wildcats' referring to?,The Gargoyles on strike.,[]
I'd be surprised if you knew this. what's the first step of flying on your broom?,Kicking off,[]
What type of ball attempts to hit players?,Bludger,[]
What was the Hippogriff Buckbeak called when he returned to Hogwarts?,Witherwing,"['Hogwarts', 'Buckbeak']"
Who was the Rook in the Chessboard Chamber?,Hermione Granger,['Hermione Granger']
Which creatures feed on the human brain and helped Newt Scamander escape?,Swooping Evil,[]
What house is Justin Finch-Fletchley in?,Hufflepuff,"['Justin Finch-Fletchley', 'Hufflepuff']"
What book is instrumental for this lesson?,Charm Your Own Cheese.,[]
What magical sport is popular in North America?,Quodpot,[]
Name a crushed ingredient that is used in cure for boils.,Snake fang,['Snake']
Where is the Slytherin Common Room?,The Dungeons,"['Slytherin', 'Slytherin Common Room']"
What spell did Snape invent that Harry later uses on Draco Malfoy?,Sectumsempra,"['Draco Malfoy', 'Sectumsempra', 'Sectumsempra', 'Sectumsempra']"
Catching what object ends a Quidditch match?,Golden Snitch,"['Cat', 'Quidditch']"
What does Hermione smell in the amortenia (or love) potion?,"Grass, parchment, spearmint toothpaste and Ron Weasley’s hair",['Ron Weasley']
The crop circles in Muggle legends might have been left by what magical creature?,Mooncalf,[]
Who anonymously sends Harry his father's Invisibility Cloak on Christmas?,Albus Dumbledore,['Albus Dumbledore']
Where does Harry Potter first see Draco Malfoy?,In Madame Malkin’s Robes for All Occasions,"['Harry Potter', 'Draco Malfoy', 'All']"
When did the wildcat gargoyle strike the place?,1911,[]
Who is the potions professor?,Professor Severus Snape,['Severus Snape']
What magical creature is Ron deathly afraid of?,Spiders,[]
What is Rowena Ravenclaw's signature item?,Diadem,['Ravenclaw']
Which Quidditch team is last in the league?,Chudley Cannons,['Quidditch']
Who teaches Care of Magical Creatures?,Silvanus Kettleburn,[]
What's the first step to performing a Bell Tailslide?,Flying straight up.,[]
What does Amortentia smell like?,It depends,[]
Which of the following traits does the Occamy exhibit?,Choranaptyxis,[]
What trait do I* value most in a student?,Intellect,[]
Which famous Auror crashed Bill's party?,Alastor Moody.,['Alastor Moody']
Madam Hooch has distinct yellow what?,Eyes,[]
What charm can repel a Lethifold?,Patronus Charm,['Patronus Charm']
What did Fred and George use to protest against Dolores Umbridge's authority?,Weasley's Wildfire Whiz-bangs,['Dolores Umbridge']
Which of these plants bloom instantly?,Puffapod,[]
What is true about tortoises?,Some live over 200 years.,[]
What does Hermione say Jupiter's largest moon is?,Ganymede,[]
Which of the following is not a Horcrux?,Elder Wand,['Elder']
"In Book 5, Snape is assigned to teach Harry what type of magic?",Occlumency.,['Occlumency']
How is the Grey Lady related to Rowena Ravenclaw?,She's Rowena's daughter.,['Ravenclaw']
What can you counteract by consuming Moly?,Enchantments.,[]
How do you greet a Hippogriff?,With a bow,[]
Which puzzle guarding the Sorcerer’s Stone does Hermione Granger solve?,Professor Snape’s logic puzzle with potion bottles,['Hermione Granger']
What is the title of this book and movie everywhere except in the United States?,Harry Potter and the Philosopher’s Stone,['Harry Potter']
Harry and Ginny have three children. What are their names?,"James, Albus, and Lily.",[]
Who are the members of the 'Golden Trio'?,"Harry Potter, Ron Weasley, Hermione Granger","['Harry Potter', 'Ron Weasley', 'Hermione Granger']"
What item cannot be conjured?,Food,[]
What spell works on the Whomping WIllow to stop it from attacking?,The Freezing Charm,['Freezing Charm']
What was Uric the Oddball best known for wearing on his head?,A jellyfish,[]
Catching what object ends a Quidditch match?,Golden Snitch,"['Cat', 'Quidditch']"
What spell provides protection against Dementors?,Expecto Patronum,['Expecto Patronum']
"Who betrays Lily and James Potter: Moony, Professor Snape, Padfoot, or Wormtail?",Wormtail,['James Potter']
Which incantation conjures flowers?,Orchideous,[]
Where did Harry begin hearing the voice that no one else could hear?,In Professor Lockhart’s office,[]
What is Tulip’s prank of choice?,Dungbomb,[]
Who was Ron's first girlfriend?,Lavender Brown,['Lavender Brown']
The Blast-Ended Skrewt is a hybrid of a Fire Crab and what?,Manticore,"['Man', 'Fir']"
What was the Seeker originally called?,The Hunter,[]
"What does Hogwarts say you should never do, but I'd love to do?",Tickle a Sleeping Dragon,['Hogwarts']
What is the wand motion for Wingardium Leviosa?,Swish and Flick,['Wingardium Leviosa']
How is Quodpot different from Quiddtich?,The ball explodes.,[]
Which team is in last place?,Chudley Cannons,[]
"In Book 4, who does Hermione Granger go with to the Yule Ball?",Viktor Krum.,"['Hermione Granger', 'Viktor Krum']"
What's Tonks dad's name?,Ted,[]
Which Alchemist was active during the Medieval age?,Nicholas Flamel,[]
"In Harry Potter and the Prisoner of Azkaban, how do Hermione, Harry, and Ron find Crookshanks?",He jumps on Ron's head at the Magical Menagerie.,"['Harry Potter', 'Harry Potter and the Prisoner of Azkaban']"
How old was Harry when he got his first letter from Hogwarts?,Eleven,['Hogwarts']
Who was headmaster or headmistress at Hogwarts when Tom Riddle was a student?,Armando Dippet,"['Tom Riddle', 'Tom', 'Hogwarts', 'Tom Riddle']"
"What is Lord Voldemort's full, real name?",Tom Marvolo Riddle.,"['Voldemort', 'Tom']"
Name an object we’ve Transfigured a porcupine into.,Pincushion,[]
Which two students came up with the name “Dumbledore’s Army?,Cho Chang and Ginny Weasley,"['Ginny Weasley', 'Cho Chang']"
Who is the headmaster of Hogwarts during Harry's years at school?,Albus Dumbledore,"['Albus Dumbledore', 'Hogwarts']"
Who does Hermione impersonate using the Polyjuice Potion in the second book of the Harry Potter series?,Millicent Bulstrode,"['Harry Potter', 'Polyjuice Potion']"
Which of these is needed for successful broom casting?,Balance,[]
What is the address of the Headquarters of the Order of the Phoenix?,"12 Grimmauld Place, London","['Phoenix', '12 Grimmauld Place']"
What would Peevsey do at a trial?,Cause a mistrial,[]
What is the name of Hagrid's boarhound dog?,Fang,[]
Which spell is used in Harry Potter that levitates objects?,Wingardium Leviosa,"['Harry Potter', 'Wingardium Leviosa']"
Who previously held Snape's post as Potions Master?,Horace Slughorn,"['Horace Slughorn', 'Horace Slughorn']"
What was Elfric the Eager's uprising?,A revolt.,[]
When was Azkaban Prison established?,1718,[]
What do all the hands on the Weasleys’s magical clock point to when Harry gets to the Burrow?,“Mortal peril”,[]
What curse is Harry Potter the only known survivor of?,Avada Kedavra,"['Harry Potter', 'Avada Kedavra']"
Name one of the potion's ingredients...,Dragon Liver,[]
How many players are on a quidditch team?,7,[]
Where was Beedle the Bard born?,"Yorkshire, England.",[]
What was the name of Neville Longbottom's pet toad?,Trevor,['Neville Longbottom']
A: Which ghost is the most terrifying?,Bloody Baron,['Bloody Baron']
Which is NOT a side effect of a miscast Silencing Charm?,Insatiable Hunger,[]
Which of these is not a type of broom?,Occamy,[]
Which of the following could very well be a Chameleon Ghoul?,Coat Rack,[]
Which of the following is NOT a type of Transfiguration?,Summoning,[]
What are all Warlock conventions?,Confidential / Important.,[]
Which of these is an ancient predecessor to Quidditch?,Creaothceann.,['Quidditch']
What is the name of the three-headed dog that guards the Sorcerer's Stone?,Fluffy,[]
When did Gringotts Wizarding Bank open?,1474,"['Wizard', 'Gringotts Wizarding Bank', 'Gringotts']"
Where did you have to go to study Trelawney's prophecy?,The Centaur Camp,"['Centaur', 'Centaur']"
What's the name of the magical government in the Harry Potter series?,The Ministry of Magic,"['Harry Potter', 'Ministry of Magic', 'The Ministry of Magic']"
What type of Potion is Weedosoros?,Poison,[]
Which books details the history of Quidditch?,Quidditch Through the Ages,['Quidditch']
The three D's of Apparition do not include which of the below?,Dimension,[]
Who is the Astronomy professor?,Professor Sinistra,[]
Which of the following is another dive commonly used by Seekers?,Spiral Dive,[]
What does 'Serpensortia' conjure?,Snakes,"['Snake', 'Serpensortia']"
Who decided the Dementor infestation could be an asset?,Damocles Rowle,[]
How many Philosopher's Stones have been known to exist?,One,[]
Who concocts a love potion meant for Harry that Ron ends up taking by mistake?,Romilda Vane,[]
What did Hermione use to help heal Ron's arm when it got splinched?,Essence of Dittany,[]
What is Wronski Feint?,Pretending to dive for the Snitch.,[]
By which statue is there a hidden pathway to Honeydukes?,The one-eyed witch,['Honeydukes']
When was the Golden Snidget first introduced into the game of Quidditch?,1269,['Quidditch']
What is Professor McGonagall’s animagus?,Silver tabby cat,[]
"What is the middle name of Harry's daughter, Lily?",Luna,[]
"To be allowed to Apparate, you must do what two things?",Be at least 17 years old and get your license.,[]
What was Elfric known as?,The Eager.,[]
Peeves is a giant of what?,Pranks,[]
"In the book version of Harry Potter and the Sorcerer's Stone, what is the name of Dudley's friend who goes to the zoo with the Dursleys and Harry?",Piers,['Harry Potter']
What did Hagrid name his pet dragon?,Norbert,['Norbert']
"When practising Bibliomancy, what passage should one select?",A random passage,[]
Which potion grants the drinker incredible luck?,Felix Felicis,['Felix Felicis']
Which Weasley dies during the final battle of Hogwarts?,Fred Weasley,"['Fred Weasley', 'Hogwarts']"
What is a toadstool?,A mushroom,[]
Which Quidditch ball is the biggest?,Quaffle,['Quidditch']
How many points is the Golden Snitch worth?,150,[]
What Goblin led the 18th century Golbin Rebellions?,Urg the Unclean,"['Goblin', 'Goblin']"
Who would make the most use of the charm Alohomora?,A Thief,['Alohomora']
When was Wendelin the Weird alive?,The Middle Ages.,[]
And what type of animal does Harry accidentally set free while they're at the zoo?,A boa constrictor,[]
"In the Goblet of Fire, which two schools participate in the Triwizard Tournament alongside Hogwarts?",Durmstrang and Beauxbatons,"['Fir', 'Hogwarts']"
What is notable about Everlasting Elixirs?,They never run out,[]
Which character do we see ride a broom for the first time in this movie?,Hermione Granger,['Hermione Granger']
I bet you don't know how many wizards serve on the Wizengamot!,50,[]
What would Peevsey do at a trial?,Cause a mistrial.,[]
What did Harry Potter's aunt and uncle say his parents passed from?,In a traffic accident,['Harry Potter']
Ginny Weasley bought a pet Pygmy Puff from her older brothers' joke shop. What did she name it?,Arnold.,['Ginny Weasley']
How old was the Sorcerer's Stone co-creator Nicolas Flamel when he decided to destroy it?,665,[]
Where is the entrance to the Chamber of Secrets?,Moaning Myrtle's bathroom,"['Moaning Myrtle', 'Chamber of Secrets', 'Chamber of Secrets']"
Where can Shrivelfigs be found?,Abyssinia,[]
I'd be surprised if you knew this. what's the first step of flying on your broom?,Kicking off,[]
"Moony, Wormtail, Padfoot, and Prongs are code names for which four characters?","Remus Lupin, Peter Pettigrew, Sirius Black, and James Potter.","['Remus Lupin', 'Sirius Black', 'James Potter', 'Peter Pettigrew', 'Sirius Black', 'Peter Pettigrew']"
What is the name of the powerful and dangerous artifact that Voldemort creates in the Harry Potter series by splitting his soul into seven pieces?,The Horcruxes,"['Harry Potter', 'Voldemort', 'Horcruxes']"
How many times did Wendelin the Weird allow herself to be caught?,Forty-seven.,[]
What can cause a person's patronus to change?,Major Life Events,[]
What magical sport is popular in North America?,Quodpot,[]
I bet you don't know how many wizards serve on the Wizengamot!,50,[]
Which Quidditch players score goals?,The Chasers,['Quidditch']
What magical plant allows humans to breathe underwater?,Gillyweed,[]
How do you tell if a door is Imperturbable?,Chuck stuff at it,[]
Who does Harry take to the Yule Ball?,Parvati Patil,['Parvati Patil']
In which situation would the Blackboard Writing Spell be useful?,Summarising a lecture,[]
"In 1997, what was written on the statue at the Ministry of Magic under Voldemort's control?",Magic is Might,"['Voldemort', 'Ministry of Magic']"
When is Neville's birthday?,July 30,[]
What magical sport is popular in North America?,Quodpot,[]
Where could you buy broomsticks?,Quality Quidditch Supplies,['Quidditch']
What does the Sorcerer's Stone do?,"It produces the Elixir of Life, granting immortality, and can turn any metal into pure gold.",[]
Which creatures guard wand-making trees?,Bowtruckles,[]
Screechsnaps are capable of doing which of the following?,Move & Make Noise,[]
"Monkshood and wolfsbane are the same plant, also known as what?",Aconite,[]
You wouldn't know anything about this. Name a method to make your broom go faster.,Using polish,[]
What was the Seeker originally called?,The Hunter,[]
Who is the Half-Blood Prince?,Severus Snape,['Severus Snape']
How did Fred and George get the money to open their shop?,They won a bet on the Quidditch World Cup,"['Quidditch World Cup', 'Quidditch']"
What's the first step to performing a Bell Tailslide?,Flying straight up.,[]
Who did Harry overhear in the Three Broomsticks talking about how Sirius Black betrayed his parents?,"Professor Flitwick, Professor McGonagall, Hagrid, Cornelius Fudge and Madam Rosmerta","['Cornelius Fudge', 'Sirius Black', 'Rosmerta', 'Cornelius Fudge', 'Sirius Black']"
How is Quodpot different from Quiddtich?,The ball explodes.,[]
Which of these titles or identities has not been held by Harry Potter?,SPEW Treasurer,['Harry Potter']
How many Knuts equal one Sickle?,29,[]
Which of the following is another dive commonly used by Seekers?,Spiral Dive,[]
What is the incantation for the snake-vanishing spell?,Vipera Evanesca.,['Vipera Evanesca']
How many points is a goal worth?,Ten,[]
"In the epilogue to the book, who says, “Don’t let it worry you. It’s me, I’m extremely famous.”",Ron Weasley,['Ron Weasley']
What does Harry steal from Dolores Umbridge’s office in the Ministry of Magic?,Mad-Eye Moody’s magical eyeball,"['Dolores Umbridge', 'Ministry of Magic']"
Who is the History of Magic Professor?,Professor Binns,[]
What is the name of Fleur Delacour and Bill Weasley’s house?,Shell Cottage,"['Bill Weasley', 'Fleur Delacour', 'Shell Cottage', 'Shell Cottage']"
Who among the following served as a Hufflepuff Prefect?,Ernie Macmillan,['Hufflepuff']
What does the Potion for Dreamless Sleep induce?,Drowsiness.,[]
Which Quidditch ball is the biggest?,Quaffle,['Quidditch']
Who kidnapped Mad-Eye Moody just before the Twiwizard Tounament?,Bartemius Crouch Junior,[]
When do Puffskeins hum?,When they're content.,[]
What's one form of Hex-Deflection?,Salvio Hexia,[]
Who of the following was not a classmate of Harry Potter?,Fleur Delacour,"['Harry Potter', 'Fleur Delacour']"
Where are the highest quality Shrivelfigs grown?,Abyssinia,[]
Which of the Hogwarts ghosts is Peeves afraid of?,The Bloody Baron,"['Bloody Baron', 'Hogwarts']"
Who is the flying instructor?,Madam Hooch,[]
What are the colors of Ravenclaw?,Blue and bronze,['Ravenclaw']
What did Wendelin do to make sure she wasn't recognized?,Wore disguises.,[]
Where can Knotgrass be found?,The Forbidden Forest,"['Forbidden Forest', 'The Forbidden Forest']"
Which of Voldemort’s Horcruxes do Harry and Dumbledore track down—but it turns out to be a fake?,Slytherin’s locket,"['Voldemort', 'Slytherin', 'Horcruxes']"
"In Harry Potter and the Prisoner of Azkaban, where is the secret passage from Hogwarts to Honeydukes hidden?",Beneath the statue of the one-eyed witch,"['Harry Potter', 'Harry Potter and the Prisoner of Azkaban', 'Honeydukes', 'Hogwarts']"
Mimbulus mimbletonia secretes what substance?,Stinksap,[]
What does Charlie Weasley do for a living after graduation?,Study dragons,[]
What kind of wood is Harry's first wand made out of?,Holly,['Holly']
Harry discovers he’s one of Voldemort’s seven Horcruxes. What are the others?,"Tom Riddle’s Diary, Nagini, the giant ring, the Hufflepuff cup, Slytherin Locket, and Ravenclaw diadem.","['Voldemort', 'Tom Riddle', 'Tom', 'Diary', 'Slytherin', 'Ravenclaw', 'Hufflepuff', 'Tom Riddle', 'Horcruxes']"
Thestrals are mistakenly considered to be omens of what?,Misfortune.,[]
What is the name of the magical hospital?,St. Mungo's Hospital for Magical Maladies and Injuries.,[]
What is the name of Harry's owl?,Hedwig,[]
Which Quidditch players fend off the Bludgers?,The Beaters,['Quidditch']
How many staircases does Hogwarts have?,142,['Hogwarts']
What was the point of this lesson?,Fine tune your skills,[]
How many presents did Dudley Dursley receive on his birthday in total?,"38. It was 36 (one less than last year), but then Mrs. Dursley bought him two new presents to make up for it.",['Dudley Dursley']
Which of the following was not a breed of Dragon faced by the Triwizard Tournament Champions?,Norwegian Ridgeback,[]
Who wrote the book Curses and Counter-Curses?,Viridian,[]
In what capacity did the Sardinian sorcerers attend the Convention?,Sub-Committee,[]
How did Harry first arrive (and ultimately depart from)the Dursley's house on 4 Privet Drive?,Flying Motorobike,['4 Privet Drive']
"When stirring a Wiggenweld Potion, how many times will the solution change color during the stirring process?",Several,[]
Which incantation cancels all spell effects?,Finite Incantatem,['Finite']
In what year did the Gargoyle Strike take place?,1911,[]
"What was connected by the Floo Network, creating a mode of transportation for Witches and Wizards?",Fireplaces,"['Wizard', 'Witch', 'Fir']"
What is a group of Bowtruckles called?,Branch,[]
Who was the original owner of the locket Horcrux?,Salazar Slytherin,['Slytherin']
What name was Harry Potter using when he was captured at Malfoy Manor by the Death Eaters?,Vernon Dudley,"['Harry Potter', 'Man', 'Death Eater', 'Malfoy Manor', 'Malfoy Manor']"
Which of these creatures' blood will keep a human alive?,Unicorn,[]
What am I most known for?,My Partially Severed Neck,[]
Which pub in London conceals the entrance to Diagon Alley?,The Leaky Cauldron,"['All', 'The Leaky Cauldron', 'Diagon Alley', 'Diagon Alley', 'The Leaky Cauldron']"
Do you know what potion is effective against Banshees?,The Laughing Potion,[]
How is Quodpot different from Quiddtich?,The ball explodes.,[]
What do Dark Spells require in order to be successful?,Malicious Intent,[]
What are meteor showers usually named after?,Constellations.,[]
Who discovered the 12 uses for dragon blood?,Professor Dumbledore,[]
How many Lionfish Spines are used in one batch of Herbicide Potion?,Four,[]
Which Quidditch ball is equipped with the Gripping Charm?,Quaffle,['Quidditch']
Name the six subjects every Hogwarts student is required to study during their first two years of school.,"Astronomy, Charms, Defense Against the Dark Arts, Herbology, History of Magic, Potions, and Transfiguration.",['Hogwarts']
"What kind of pet does Harry own, and what is her name?",An owl named Hedwig.,[]
What covers the distinct nettle leaf?,Stinging hairs.,[]
Do you know what kind of creature a Boggart is? Because I [Merula] do.,Non-being,[]
"In the Quidditch World Cup, Ireland's team had three main chasers: Mullet, Troy, and Moran. Which one scored the first goal?",Troy,"['Quidditch World Cup', 'Quidditch']"
What incantation shrinks an object?,Reducio,['Reducio']
Who is the Divination Professor?,Professor Trelawney,[]
What spell vanishes an object?,Evanesco,[]
What is the most powerful truth serum?,Veritaserum,['Veritaserum']
What is Wronski Feint?,Pretending to dive for the Snitch.,[]
Who is the Head of Ravenclaw House?,Professor Flitwick,['Ravenclaw']
Where could you buy broomsticks?,Quality Quidditch Supplies,['Quidditch']
"If one wished to increase the effect of the Bombarda spell, which incantation would you use?",Bombarda Maxima,['Bombarda']
What is an acceptable use of the Orb?,Divining the future,[]
What type of Ghoul is capable of disguising itself?,Chameleon Ghouls,[]
Who is the sister of Death Eater Bellatrix Lestrange?,Narcissa Malfoy,"['Bellatrix Lestrange', 'Narcissa Malfoy', 'Death Eater']"
Which is NOT a reason for a wizard to remain on earth as a ghost?,Hunger,[]
Who kills Dobby?,Bellatrix Lestrange,"['Bellatrix Lestrange', 'Dobby']"
What does Hagrid use to channel the pieces of his wand once it's been broken?,A pink umbrella,[]
Who is the Gamekeeper of Hogwarts?,Rubeus Hagrid,"['Rubeus Hagrid', 'Hogwarts']"
What is the animal symbol of Ravenclaw?,Eagle,['Ravenclaw']
True or false: Harry Potter and the Deathly Hallows: Part Two is the shortest Harry Potter movie.,True! The run time is just 130 minutes.,['Harry Potter']
"Snape grilled Harry about this on his first day in Potions. Monkshood and wolfsbane are the same plant, also known as what?",Aconite.,[]
What's the only all-wizard village in Britain?,Hogsmeade,['Hogsmeade']
"Oy, you'll be sure to remember this one. During our first day of Herbology class, what creature took the form of a werewolf and gave Penny Haywood a scare?",Boggart,[]
Pepperup Potion evolved from a remedy created by what 12th century wizard?,Linfred of Stinchcombe,[]
Who was the Hogwarts headmaster before Albus Dumbledore?,Armando Dippet,"['Albus Dumbledore', 'Hogwarts']"
Scourgify can be used to clean out infestations of what magical creature?,Bundimun,[]
Where was Harry born?,Godric's Hollow,"[""Godric's Hollow"", ""Godric's Hollow""]"
Which of these is needed for successful broom casting?,Balance,[]
The Medieval Assembly of European Wizards is related to which convention?,International Warlock Convention,['Wizard']
Which spell does the Cleaning Charm most resemble?,Scouring Charm,[]
Why did students think Harry was the Heir of Slytherin?,He can speak Parseltongue.,"['Slytherin', 'Heir of Slytherin']"
What was the Seeker originally called?,The Hunter,[]
Where are the vaults kept in Gringotts Bank?,Deep underground.,['Gringotts']
Which dark magic item is known as the friend of thieves?,Hand of Glory,[]
Where does Rubeus Hagrid first tell Harry that he’s a wizard?,In a hut on a rock,['Rubeus Hagrid']
How does one ward off a Dementor?,The Patronus Charm.,"['Patronus Charm', 'The Patronus']"
What charm can repel a Lethiford?,Patronus Charm,['Patronus Charm']
What dragon did Fleur Delacour face in the first task of the Triwizard Tournament?,Welsh Green,['Fleur Delacour']
What is an animagus?,A person with an animal form,[]
"When Riding Facing Backwards, how does steering work?",Turn to the opposite direction.,[]
Which Quidditch players fend off the Bludgers?,The Beaters,['Quidditch']
A Nimbus is a type of what?,Broom,[]
What's the term for an object imbued with a fragment of a wizard's soul?,Horcrux,[]
What is the primary ingredient in Polyjuice potion?,The hair of the person you want to transform into,[]
Who spoke at Aragog's funeral?,Horace Slughorn,"['Horace Slughorn', 'Aragog', 'Aragog', 'Horace Slughorn']"
Who is the ghost of Slytherin House?,The Bloody Baron,"['Bloody Baron', 'Slytherin']"
Which potion should you all be required to drink before entering my potion?,Wit-Sharpening Potion,[]
Which of the following is NOT a type of Dark Magic?,Charm,[]
"After Draco insults Hermione, Ron cast a spell that backfired. What did he intend for Draco to eat?",Slugs,[]
Where's one place you would not find any gnomes?,Antarctica,[]
Where would you look to find a bezoar?,In the stomach of a goat,[]
How long did the longest Quidditch game last?,Six months,['Quidditch']
What did Fred and George Weasley use to spy on Order of the Phoenix meetings?,Extendable Ears,"['George Weasley', 'Phoenix']"
"In the Hall of Prophecy, there are rows and rows of glowing orbs. Which row contains the prophecy about Harry and Voldemort?",97,['Voldemort']
Lily Potter once gave Professor Slughorn a bowl with a lily that turned into a goldfish. What was the goldfish’s name?,Francis,['Lily Potter']
What is the name of the ghost who haunts the Hogwarts bathroom?,Moaning Myrtle,"['Moaning Myrtle', 'Hogwarts']"
What is the name of the librarian at Hogwarts?,Madam Pince,['Hogwarts']
Which Quidditch players fend off the Bludgers?,The Beaters,['Quidditch']
What are the four Hogwarts houses?,"Gryffindor, Ravenclaw, Slytherin, and Hufflepuff.","['Gryffindor', 'Slytherin', 'Ravenclaw', 'Hufflepuff', 'Hogwarts']"
How long was You-Know-Who in power?,11 Years,[]
Which of these is not a type of broom?,Phoenix,['Phoenix']
What magical plant did Luna Lovegood have growing at home?,Dirigible Plums,"['Luna Lovegood', 'Luna Lovegood']"
How many teams are in the British and Irish Quidditch League?,Thirteen,['Quidditch']
"What do the abbreviations for the two main wizarding exams, O.W.L.s and N.E.W.T.s, stand for?",Ordinary Wizarding Level and Nastily Exhausting Wizarding Test.,['Wizard']
What did the Dursleys give Harry for Christmas in his first year at Hogwarts?,Fifty Pence,['Hogwarts']
The Diricawl is actually thought to be which extinct Muggle bird?,The Dodo.,[]
"In Book 3, what is Neville Longbottom's greatest fear, revealed upon facing a boggart in Lupin's class?",Professor Snape.,['Neville Longbottom']
Who was the House-Eld that once served Barty Crouch Senior?,Winky,[]
Voldemort stole Helga Hufflepuff's cup from an old woman named Hepzibah Smith. What was the name of her house-elf?,Hokey.,"['Voldemort', 'Hufflepuff']"
Who is Stan Shunpike?,The conductor of the Knight Bus,['Knight Bus']
Nearly Headless Nick is a patron house of which House?,Gryffindor,"['Nearly Headless Nick', 'Gryffindor']"
Where was Harry Potter born?,Godric's Hollow,"['Harry Potter', ""Godric's Hollow"", ""Godric's Hollow""]"
What's in a forgetfulness potion?,Lethe Water,[]
Which Quidditch players score goals?,The Chasers,['Quidditch']
What is the name of the magical map that shows the entire layout of Hogwarts?,Marauder's Map,['Hogwarts']
What was the Seeker originally called?,The Hunter,[]
How many times did Wendelin the Weird allow herself to be caught by witch-hunters?,Forty-Seven,[]
What is the name of the three-headed dog guarding the trapdoor in Harry Potter and the Sorcerer's Stone?,Fluffy,['Harry Potter']
What item in the Headmaster's Office allows you to review bottled up memories?,The Pensieve,"[""Headmaster's Office"", 'Pensieve', 'The Pensieve']"
What does the Drought Charm cause?,Dryness,[]
What's the first step to performing a Bell Tailslide?,Flying straight up.,[]
What magical artefact creates the Elixir of Life?,Philosopher's Stone,[]
Who is in the first memory Professor Dumbledore shows Harry in the Pensieve?,"Bob Ogden, an employee of the Department of Magical Law Enforcement",['Pensieve']
Which of the following spells is not used in Transfiguration Class?,Confundo,['Class']
Where did the Goblin Rebellion of 1612 take place?,Hogsmeade Village,"['Goblin', 'Goblin', 'Hogsmeade']"
In which of these scenarios would you use the impediment jinx?,To slow a rushing opponent.,[]
What is Ron's favorite Quidditch team?,Chudley Cannons,['Quidditch']
And what about his pet dragon?,Norbert,['Norbert']
The visitor’s entrance to the Ministry of Magic is an abandoned red telephone booth in London. What is the five-digit code you must dial to get in?,6-2-4-4-2. (Bonus: This spells M-A-G-I-C on a phone's keypad.),['Ministry of Magic']
Which spell did Hermione use to release the dragon from Gringotts Bank?,Revulsion Jinx,"['Revulsion Jinx', 'Gringotts']"
How many points is the Golden Snitch worth?,150,[]
You wouldn't know anything about this. Name a method to make your broom go faster.,Using polish,[]
What is the incantation for the Disarming Spell?,Expelliarmus,['Expelliarmus']
What does the boggart turn into when Mrs. Weasley sees it?,Her entire family and Harry lying dead on the floor,[]
"When Professor Snape takes over Professor Lupin’s Defense Against the Dark Arts class, which page does he ask the students to turn to?",Page 394 (the page on werewolves),[]
Which dry ingredient is used in a wideye potion?,Billywig Sting,[]
What did Fred and George Weasley call their joke shop?,Weasleys’ Wizard Wheezes,"['George Weasley', 'Wizard']"
Which of these is not a cleaning spell?,Confrigo,[]
What became outlawed after the Warlock's Convention of 1709?,Dragon breeding.,[]
Who is the Herbology professor?,Professor Sprout,[]
What spell would you use to men a pair of glasses?,Reparo,['Reparo']
"Before Dumbledore, who was headmaster of Hogwarts?",Armando Dippet,['Hogwarts']
What does it mean when a magical creature is classified as X by the Ministry of Magic?,Boring,['Ministry of Magic']
Which Wizarding school did Gellert Grindelwald attend?,Durmstrang Institute,"['Gellert Grindelwald', 'Wizard', 'Durmstrang Institute']"
What is the cure for being Petrified?,Mandrake root,"['Man', 'Petrified']"
What is the biggest Quidditch event?,World Cup,['Quidditch']
What is the Grim?,A spectral dog,[]
Catching what object ends a Quidditch match?,Golden Snitch,"['Cat', 'Quidditch']"
Colovaria is also known as what?,Colour Change Charm,[]
Where was Harry Potter born?,Godric's Hollow.,"['Harry Potter', ""Godric's Hollow"", ""Godric's Hollow""]"
How can you tell if a door is Imperturbable?,Chuck stuff at it.,[]
Which potion contains Fluxweed?,Polyjuice Potion,['Polyjuice Potion']
What was Gilderoy Lockhart's best Spell?,Obliviate,"['Gilderoy Lockhart', 'Obliviate', 'Gilderoy Lockhart']"
What other name is the Doxy commonly known by?,The Biting Fairy.,[]
Which potion is commonly featured in Muggle fairy tales?,Draught of Living Death,[]
Which was the last of Voldemort's Horcruxes to be destroyed?,Nagini,"['Voldemort', 'Horcruxes']"
Which scent attracts Hermione Granger?,"Freshly mown grass, mint toothpaste, and fresh parchment",['Hermione Granger']
What charm creates water?,Aguamenti,['Aguamenti']
What teleportation magic do sixth-years learn at Hogwarts?,Apparition,['Hogwarts']
What effect does diluted Swooping Evil venom have?,Erases bad memories,[]
What does the house with the highest score win?,House Cup,[]
Which Quidditch players score goals?,The Chasers,['Quidditch']
What is Hermione's cat's name?,Crookshanks,[]
Who removes all the bones from Harry’s arm?,Gilderoy Lockhart,"['Gilderoy Lockhart', 'Gilderoy Lockhart']"
Which was my Tonks favourite band?,The Weird Sisters,[]
How many points is the Golden Snitch worth?,150,[]
How many players are on a Quidditch team?,7,['Quidditch']
Which Quidditch team is last in the league?,Chudley Cannons,['Quidditch']
What is the name of the Hogwarts poltergeist?,Peeves,['Hogwarts']
And who is Ron’s actual love interest this year?,Lavender Brown,['Lavender Brown']
"In Harry Potter and the Chamber of Secrets, where were Harry, Hermione, and Ron coming from when they found Mrs. Norris petrified?",Nearly Headless Nick's Deathday Party,"['Harry Potter', 'Nearly Headless Nick', 'Harry Potter and the Chamber of Secrets', 'Chamber of Secrets', 'Chamber of Secrets']"
What is the Ministry of Magic classification system?,A creature's danger level,['Ministry of Magic']
"In Harry Potter and the Half-Blood Prince, in the Weasleys' magical clock, what are all of the hands pointed to when Harry arrives at the Burrow?",Mortal peril,"['Harry Potter', 'Harry Potter and the Half-Blood Prince']"
Who invented the Wronski Feint?,Josef Wronski,[]
How should your completed Scintillation Solution look?,Sparkling.,[]
What is the main ingredient in Harry Potter's wand?,A phoenix feather.,['Harry Potter']
Streeler venom is one of the only substances known to kill which invasive species?,Horklump,[]
Who is the Divination professor?,Professor Trelawney,[]
No spell yet devised allows a wizard to what?,Fly unaided,[]
Which of these spells is a severing charm?,Diffindo,['Diffindo']
What does the charm Lumos provide?,Light,['Lumos']
Which of these is not a form of Transfiguration?,Enchantment,[]
Where is Hogwarts located?,Scotland,['Hogwarts']
What is the name of the Hogwarts poltergeist?,Peeves,['Hogwarts']
What does the Hair-Raising potion do?,Makes hair stand up,[]
Which is NOT another form of magical transportation?,Mop Flying,[]
What is Hermione’s patronus?,An otter,[]
Who lied to Voldemort during the final battle by proclaiming that Harry Potter was dead?,Narcissa Malfoy,"['Harry Potter', 'Voldemort', 'Narcissa Malfoy']"
How many siblings does Ron Weasley have?,Six,['Ron Weasley']
What is a non-side effect of Elixir to induce Euphoria?,Excessive sweating,[]
How many points is the Golden Snitch worth?,150,[]
Where is Ovomancy thought to originate?,Ancient Greece,[]
What does Veritaserum taste like?,It has no taste at all.,['Veritaserum']
What did Xenophilius Lovegood believe Billywig wings could induce?,An elevated frame of mind.,['Xenophilius Lovegood']
"What spell does Harry discover written in the Half-Blood Prince's potions textbook in Book 6, and who invented it?","Sectumsempra, Severus Snape.","['Severus Snape', 'Sectumsempra', 'Sectumsempra', 'Sectumsempra']"
What fluffy creature hums when it's happy and likes to stick its tongue up Wizards' noses?,Puffskein,['Wizard']
What are the three D’s of a successful Apparition?,"Destination, determination and deliberation",[]
Which spell has the opposite effect of Lumos?,Nox,"['Lumos', 'Nox']"
Which of these spells keeps a charm stable?,Fianto Duri,[]
How did Mad-Eye Moody punish Draco Malfoy for trying to Hex Harry?,He turned Draco into a ferret.,['Draco Malfoy']
"When Riding Facing Backwards, how does steering work?",Turn to the opposite direction.,[]
What creature did the Wizards’ Council make a protected species?,Golden Snidget.,['Wizard']
Who is the headmaster of Hogwarts during Harry's time there?,Albus Dumbledore,"['Albus Dumbledore', 'Hogwarts']"
"According to Hagrid, which is the safest place in the Wizarding World other than Hogwarts?",Gringotts,"['Wizard', 'Hogwarts', 'Gringotts']"
When did the Witch Trials of 1692 take place?,Salem,['Witch']
"Where do I- I mean, where does Tonks like to hide Jelly Slugs?",Herbology Pots,[]
"According to Madam Hooch, which of the following increases your chances of falling to your death? Maybe you should take these as suggestions.",Long hair,[]
What is the last line of the last book?,“All was well.”,['All']
What spell transforms an object into a Portkey?,Portus,"['Portus', 'Portus']"
Casting Fumos creates what kind of defensive cloud?,Smoke,[]
What will help you whilst attempting Strong Braking?,A firm grip.,[]
What's Nearly Headless Nick's real name?,Nicholas de Mimsy-Porpington,['Nearly Headless Nick']
What charm silences an opponent?,Silencio,[]
Which of these spells can summon an object?,Accio,['Accio']
Fill in the blank: Petrificus Totalus is the incantation for the Full Body-Bind curse.,Bind (Got this in the Petrificus Totalus lesson.),['Petrificus Totalus']
What is the first line of the book?,"“Mr. and Mrs. Dursley, of number four, Privet Drive, were proud to say that they were perfectly normal, thank you very much.”",[]
Who did not compete in the Triwizard Tournament?,Fred,[]
Which of these is not a type of broom?,Phoenix,['Phoenix']
What did the Wizards' Council sign into action in 1692?,International Statute of Wizarding Secrecy,['Wizard']
What two creatures are Hippogriffs a mix of?,Horses and eagles,['Horse']
What is the name of the magical creature that can only be seen by those who have witnessed death?,Thestral,[]
What job does Luna Lovegood's father hold?,"Editor of ""The Quibbler""","['Luna Lovegood', 'Luna Lovegood']"
What is Nearly Headless Nick's full name?,Nicholas de Mimsy-Porpington,['Nearly Headless Nick']
Who is the matron of the orphanage where Voldemort grows up?,Mrs. Cole,"['Voldemort', 'Mrs. Cole']"
How many points is the Golden Snitch worth?,150,[]
What tail did Hagrid make Dudley grow because the Dursleys were rude?,Pig tail,[]
How many staircases are at Hogwarts?,142,['Hogwarts']
How many students sleep in each Hogwarts dormitory?,5,['Hogwarts']
Kneazles are most similar to what animal?,Cat,['Cat']
How many staircases are at Hogwarts?,142,['Hogwarts']
Which book is instrumental for this lesson?,Charm Your Own Cheese.,[]
Which star is the brightest in the night sky?,Sirius.,[]
Which is NOT one of the palm lines we read in Palmistry?,Time line,[]
In the Hall of Prophecy there are rows and rows of glowing orbs. Which row contains the prophecy about Harry and Voldemort?,Row 97.,['Voldemort']
What's a telltale sign that mandrakes have matured?,They move into each other's pots,[]
What is the max speed of a Firebolt broomstick?,150 mph,['Fir']
Why would you cast Alohomora?,Unlock a door.,['Alohomora']
What do the students call the Gryffindor ghost?,Nearly Headless Nick.,"['Nearly Headless Nick', 'Gryffindor']"
What is the biggest Wizarding newspaper in Britain?,The Daily Prophet,['Wizard']
"In the movie, Professor McGonagall explains the origins of the Chamber of Secrets. Who does it in the book?","Professor Binns, the history teacher (who is also a ghost)","['Chamber of Secrets', 'Chamber of Secrets']"
Who was the first Minister of Magic?,Ulick Gamp,[]
What is the name of Harry's owl?,Hedwig,[]
How many players are on a quidditch team?,7,[]
"In 1876, which caretaker tried to make Peeves leave Hogwarts?",Rancorous Carpe,['Hogwarts']
Fanged Geraniums are most notable for what?,Their Fangs,[]
Which of the following is another dive commonly used by Seekers?,Spiral Dive,[]
From what event do we measure the age of the universe?,The Big Bang.,[]
Who does Bill Weasley marry?,Fleur Delacour,"['Bill Weasley', 'Fleur Delacour']"
Who is the Slytherin ghost?,The Bloody Baron,"['Bloody Baron', 'Slytherin']"
What is required in the manoeuvre Taking Passengers?,Complete cooperation.,[]
What is the name of the wizarding prison in the Harry Potter series?,Azkaban,['Harry Potter']
"When Riding Facing Backwards, how does steering work?",Turn to the opposite direction.,[]
What is required in the manoeuvre Taking Passengers?,Complete cooperation.,[]
Who is Hufflepuff's patron ghost?,Fat Friar,['Hufflepuff']
"When Riding Facing Backwards, how does steering work?",Turn to the opposite direction.,[]
How many Muggles see the flying Ford Anglia as Harry and Ron make their way to school?,Seven,[]
How is mail delivered in the wizarding world?,By owl post.,[]
What is Madam Hooch's second job?,Quiddich Referee,[]
What is a spell used to mend broken objects?,Reparo,['Reparo']
What is the term for a witch or wizard who can see the future?,Seer,[]
"Who do you prefer: Dust, Binns, or Peeves?",Peeves!,[]
Who is the professor of Transfiguration class?,McGonagall,[]
What is Professor Minerva McGonagall's animagus?,A cat.,['Minerva McGonagall']
Which one of the following is not a founder of Hogwarts?,Helena Ravenclaw,"['Helena Ravenclaw', 'Ravenclaw', 'Hogwarts']"
How many players are on a quidditch team?,7,[]
What potion gives good luck to those who drink it?,Felix Felicis,['Felix Felicis']
Who sent Harry his Firebolt?,Sirius Black,"['Sirius Black', 'Fir', 'Sirius Black']"
"In our second year, where did you sneak into using a Shrinking Charm?",A Common Room,['Shrinking Charm']
Which charm did we end in class by using Finite Incantatem?,Wand-lighting,['Finite']
Harry was raised by his mother’s sister. What was his aunt named?,Petunia,[]
"According to Madam Hooch, which of the following increases your chances of falling to your death? Maybe you should take these as suggestions.",Long hair,[]
True or false: This is the longest movie in the franchise.,"False! Harry Potter and the Chamber of Secrets is the longest movie, at 161 minutes.","['Harry Potter', 'Harry Potter and the Chamber of Secrets', 'Chamber of Secrets', 'Chamber of Secrets']"
Dittany is used primarily for what purpose?,Healing,[]
What is the magical equipment store in Hogsmeade?,Dervish and Banges,['Hogsmeade']
What boil-inducing ingredient can create an explosive reaction when added to a Cure for Boils?,Bulbadox Powder,[]
What is Luna Lovegood’s father’s name?,Xenophilius Lovegood,"['Luna Lovegood', 'Xenophilius Lovegood', 'Luna Lovegood']"
What was the name of the company Vernon Dursley worked for?,Grunnings,['Vernon Dursley']
Which books details the history of Quidditch?,Quidditch Through the Ages,['Quidditch']
"Ever the eccentric, Dumbledore has a scar above his left knee that is a perfect map of what?",The London Underground.,[]
Who loses an ear at the start of the book?,George Weasley,['George Weasley']
Professor Sprout is the head of which Hogwarts house?,Hufflepuff,"['Hufflepuff', 'Hogwarts']"
Dark matter and dark energy make up what percentage of our universe?,95%.,[]
Why would you need to switch brooms midair?,Broom failure,[]
Which ghost haunts the second-floor girls' bathroom in Hogwarts?,Moaning Myrtle,"['Moaning Myrtle', 'Hogwarts']"
What piece of equipment is essential when re-potting baby Mandrakes?,Earmuffs,['Man']
What type of cauldron do first-year students need?,Pewter,[]
Who is manipulated into vandalizing Hogwarts with messages about the Chamber of Secrets?,Ginny Weasley,"['Ginny Weasley', 'Chamber of Secrets', 'Hogwarts', 'Chamber of Secrets']"
What is Lockhart's favorite color?,Lilac,[]
What is James Potter's Marauder nickname?,Prongs,['James Potter']
Where is the Hall of Prophecy?,Ministry of Magic,['Ministry of Magic']
What distinguishes Chameleon Ghouls from ordinary ghouls?,Their ability to change shape,[]
Which of these books covers ancient runes?,Spellman's Syllabery,[]
Who is the giant three-headed dog that guards the trapdoor leading to the Philosopher's Stone in the first book?,Fluffy,[]
How many Principal Exceptions are there to Gamp's Law of Elemental Transfiguration?,Five,[]
What part of a Mandrake is potentially fatal?,Its scream,['Man']
What type of ball attempts to hit players?,Bludger,[]
What should you avoid getting in your eyes while flying?,Insects,[]
Who is Slytherin's patron ghost?,Bloody Baron,"['Bloody Baron', 'Slytherin']"
What is the incantation for the Exploding Charm?,Bombarda,"['Bombarda', 'Exploding Charm']"
Where are flying lessons held?,Training Grounds,[]
An intended transformation is directly influenced by which of the following?,Concentration,[]
What does the Stretching Jinx do?,Causes the target to stretch,[]
What is the name of the magical object that allows the user to become invisible?,The Cloak of Invisibility,[]
"According to Madam Hooch, which of the following increases your chances of falling to your death? Maybe you should take these as suggestions.",Long hair,[]
Where is the British and Irish Quidditch League Headquarters located?,The Ministry of Magic,"['Ministry of Magic', 'Quidditch', 'The Ministry of Magic']"
What is the name of the game played on broomsticks in the Harry Potter series?,Quidditch,"['Harry Potter', 'Quidditch']"
Wich of these creatures is notable proud and easy to offend if not treated politely?,Hippogriff,[]
Starfish and Stick is a tactic used by what Quidditch position?,Keeper,['Quidditch']
Which of these tasks can not be aided by a Vanishing Spell?,Dancing,[]
"What do Harry, Ron and Hermione find in the locked cabinet of a writing desk at the Order of the Phoenix Headquarters?",A Boggart,"['Phoenix', 'Ron and Hermione']"
What item in the Headmaster's Office allows you to review bottled memories?,The Pensieve,"[""Headmaster's Office"", 'Pensieve', 'The Pensieve']"
Do you know what kind of creature a Boggart is?,Non-being,[]
Why would you need to switch brooms midair?,Broom failure,[]
What is the name of the Hogwarts caretaker who is always complaining about the students?,Argus Filch,"['Argus Filch', 'Hogwarts']"
Why did the Werewolf Code of Conduct fail?,No Werewolves Signed,['Werewolf']
You should cover your ears when this mature plant starts crying. Name that plant!,Mandrake,['Man']
What are fluxweed and Boomslang skin used for?,Polyjuice,[]
Who invented the Snitch in the Harry Potter series?,Bowman Wright,['Harry Potter']
Who invented the Cheering Charm?,Felix Summerbee,[]
"Who was Harry's first kiss, and in what book?","Cho Chang, Book 5.",['Cho Chang']
What was the name of the orphanage where Lord Voldemort grew up?,Wool's Orphanage,['Voldemort']
What was the primary reason for the creation of the International Statute of Wizarding Secrecy?,Persecution by Muggles,['Wizard']
Which of the following is another dive commonly used by Seekers?,Spiral Dive,[]
What magical creature runs guards wand wood trees?,Bowtruckles,[]
What kind of spell is Flipendo?,Jinx,[]
What is the crime Harry commits that causes the Ministry of Magic to hold a disciplinary hearing for him?,"He uses the Patronus Charm in front of a Muggle (Dudley, and only because there were Dementors!).","['Ministry of Magic', 'Patronus Charm']"
Name the three different types of balls used in Quidditch.,"Quaffle, Bludger, Snitch.",['Quidditch']
What magical plant resembles a withered tree stump?,Snargaluff,[]
How many points is a goal worth?,Ten,[]
No spell yet devised allows a wizard to what?,Fly unaided,[]
What is the name of the Gryffindor ghost?,Nearly Headless Nick.,"['Nearly Headless Nick', 'Gryffindor']"
Which character in the Harry Potter series is known for wearing radish earrings?,Luna Lovegood,"['Harry Potter', 'Luna Lovegood', 'Luna Lovegood']"
The Hogwarts motto is “Draco dormiens nunquan titillandus.” What does it mean?,“Never tickle a sleeping dragon.”,['Hogwarts']
What's your favorite part of History of Magic?,Your impressions.,[]
Who is Ravenclaw's patron ghost?,The Grey Lady,['Ravenclaw']
What is Hagrid’s half-brother’s name?,Grawp,"['Grawp', 'Grawp']"
What color is Teddy Lupin's hair when he is born?,Black,[]
The Bouncy Bulb is extremely difficult to...,Pot.,[]
Which of the following books was not written by Rita Skeeter?,Easy Spells to fool Muggles,"['Rita Skeeter', 'Rita Skeeter']"
Which statement is true about conjured objects?,They vanish in time,[]
What charm creates water?,Aguamenti,['Aguamenti']
What magical sport is popular in North America?,Quodpot,[]
Who is the conductor of the Frog Choir?,Filius Flitwick,['Filius Flitwick']
Which of the following is a side effect of Wiggenweld Potion?,Healing injuries,[]
What position does Harry play in Quidditch?,Seeker,['Quidditch']
What are the two pubs in Hogsmeade called?,The Three Broomsticks and The Hog's Head.,"[""The Hog's Head"", 'The Three Broomsticks', 'Hogsmeade']"
"What is the counter spell for Accio, Summoning Charm?",Depulso,"['Accio', 'Summoning Charm']"
What is the name of Hagrid's pet dragon?,Norbert,['Norbert']
New students need to learn the secrets of the castle. How many staircases does Hogwarts have?,142.,['Hogwarts']
"Before the start of his second year at Hogwarts, how do the Weasley's manage to save Harry from the Dursley's house?",With a flying car,['Hogwarts']
Where does the Sopophorous Plant grow?,Gloomy marshlands.,[]
"Whose teeth did Nearly Headless Nick accidentally turn into tusks, leading to his death?",Lady Grieve,['Nearly Headless Nick']
What is another word for antidote?,Cure (I got this in the Antidote to Common Potions lesson),[]
Which of these is an ingredient in Polyjuice Potion?,Powdered Bicorn Horn,['Polyjuice Potion']
What animal is Dolores Umbridge obsessed with?,"Cats (specifically, kittens)","['Dolores Umbridge', 'Cat']"
What is the incantation for a Confundus charm?,Confundo,[]
Which of these is a Wiggenweld potion ingredient from the sea?,Lionfish Spine,[]
What is required in the manoeuvre Taking Passengers?,Complete cooperation.,[]
How is Quodpot different from Quidditch?,The ball explodes,['Quidditch']
What is the name of the Weasley twins' magical joke shop?,Weasleys' Wizard Wheezes.,"['Wizard', ""Weasleys' Wizard Wheezes""]"
Some curses are even capable of doing what?,Spanning generations,[]
"In the Chamber of Secrets, where does Harry discover the entrance to the Chamber?",Myrtle's bathroom,"['Chamber of Secrets', 'Chamber of Secrets']"
Who did Professor Lupin marry?,Nyphadora Tonks,[]
Which Quidditch ball is the biggest?,Quaffle,['Quidditch']
Who killed Emeric the Evil in a duel?,Egbert the Egregious,[]
What creature sat in the corner of Professor Lupin's office the first time Harry Potter visited him at Hogwarts?,Grindylow,"['Harry Potter', 'Hogwarts']"
Which Minister of Magic resigned following the goblin rebellion of 1752?,Albert Boot,[]
What is the incantation for the Tongue-Tying Curse?,Mimblewimble,[]
What is the name of the street where the Dursleys live?,Privet Drive,[]
"When Harry, Ron and Hermione make Polyjuice Potion, who steals the ingredients from Professor Snape’s office?",Hermione,"['Ron and Hermione', 'Polyjuice Potion']"
Which potion causes the drinker to speak nonsense?,Babbling Beverage,[]
"What does Uncle Vernon’s sister, Marge Dursley, do for a living?",Breeds bulldogs,['Marge Dursley']
What charm creates water?,Aguamenti,['Aguamenti']
Which Quidditch team is last in the league?,Chudley Cannons,['Quidditch']
How many Deathly Hallows did Albus Dumbledore possess?,Three,['Albus Dumbledore']
What year was the first match?,1050 AD,[]
What is another name for the Alihotsy tree?,The hyena tree.,[]
What was Harry Potter's middle name?,James,['Harry Potter']
What is required in the manoeuvre Taking Passengers?,Complete cooperation.,[]
A Nimbus is a type of what?,Broom,[]
Which books details the history of Quidditch?,Quidditch Through the Ages,['Quidditch']
What was Elfric the Eager responsible for?,An uprising.,[]
Which Quidditch ball is the biggest?,Quaffle,['Quidditch']
Which of the plants is prone to slapping people in the face?,Bouncing Bulbs,[]
The charm Descendo can make a targeted object do what?,Lower,[]
And how does Parvati defeat it?,"In the book, the mummy trips on its wrappings. In the movie, it turns into a giant jack-in-the-box (arguably no less scary).",[]
Where did Hermione hold the first meeting for students interested in joining Dumbledore's Army?,The Hog's Head,"[""The Hog's Head"", ""Dumbledore's Army""]"
How is Bellatrix related to Tonks?,Tonks is Bellatrix's niece.,[]
How many players are on a quidditch team?,7,[]
Where do monks grow gravity-resistant trees?,Nepal,[]
What is the brand of magic that deals with altering the form or appearance of an object?,Transfiguration,[]
"In our first Transfiguration class, Professor McGonagall showed us a Transfigured cauldron. The cauldron was sporting what strange feature?",Cat ears,['Cat']
What is Wronski Feint?,Pretending to dive for the Snitch.,[]
Who wrote Unfogging the Future?,Cassandra Vablatsky,[]
Who was expelled from Hufflepuff House?,Newt Scamander,['Hufflepuff']
"This one is a two-parter. Where does Vernon Dursley work, and what does the company produce?","Grunnings, a drill manufacturer.",['Vernon Dursley']
Which of the following would be the easiest Transfiguration?,Porcupine to Pincushion,[]
What's the best use for the Talirek Twirl?,Evading Bludgers.,[]
Who wrote Magical Draughts and Potions?,Arsenius Jigger,[]
Which of these is not a type of broom?,Occamy,[]
I bet you don't know how many wizards serve on the Wizengamot!,50,[]
What is Ginny's full name?,Ginevra Weasley,[]
This topic will be included on what exam?,The N.E.W.T.S.,[]
What class does Professor Vector teach?,Arithmancy,[]
What purpose does the Cough Potion serve?,Cures a cough,[]
What does solitary 'X' classification mean?,Boring,[]
What incantation makes an object waterproof?,Impervius,[]
Which of these spells would be most useful as an attack?,Engorgio,['Engorgio']
Who is the Astronomy professor?,Professor Sinistra,[]
What do you say to summon a broom to your hand?,Up,[]
How is Quodpot different from Quidditch?,The ball explodes,['Quidditch']
"On what date do the Weasleys rescue Harry from number four, Privet Drive?","July 31—his birthday, of course!",[]
What is the name of the Black family's house-elf?,Kreacher,['Kreacher']
Who is the Potions Master at Hogwarts?,Severus Snape,"['Severus Snape', 'Hogwarts']"
Cedric Diggory let Harry use the prefect's bathroom in The Goblet of Fire. What man's statue is next to the lavatory entrance?,Boris the Bewildered,"['Cedric Diggory', 'Fir']"
Is it safe to drink water conjured by Aguamenti?,"Yes, it's safe to drink.",['Aguamenti']
Arresto Momentum was originally developed for what purpose?,Slowing a Falling Quaffle,['Arresto Momentum']
What was the Seeker originally called?,The Hunter,[]
Who invented the Cheering Charm?,Felix Summerbee,[]
What is used in Xylomancy?,Twigs,[]
What’s the name of Hagrid’s half-brother?,Grawp,"['Grawp', 'Grawp']"
What is the platform at King's Cross Station where Hogwarts students catch the Hogwarts Express called?,Platform 9 ¾,"['Hogwarts Express', 'Hogwarts', ""King's Cross""]"
When was Ollivanders founded?,382 BC,"['Ollivanders', 'Ollivanders']"
When was He Who Must Not Be Named defeated?,Halloween,[]
What is the name of America's magical government?,MACUSA,[]
What are all Warlock conventions?,Important,[]
What does Harry name his children?,"James Sirius, Albus Severus, and Lily Luna",[]
What creature is known for guarding Gringotts Bank?,Dragons,['Gringotts']
Which creature was used in Quidditch before being replaced by the Golden Snitch?,Golden Snidget,['Quidditch']
Where is the entrance to the Chamber of Secrets?,"In the second-floor girl's bathroom, also known as Moaning Myrtle's bathroom.","['Moaning Myrtle', 'Chamber of Secrets', 'Chamber of Secrets']"
Which type of transfiguration is employed in this lesson?,Transformation,[]
"In the movie, what sound does Ron make after eating a magical candy?",A lion’s roar,[]
What color is Hagrid's umbrella?,Pink,[]
What does the Impediment Jinx do?,Temporarily Slows a Target,['Impediment Jinx']
What is the Bubotuber pus used for?,Clearing up acne,[]
Who was the original owner of the Sorting Hat?,Godric Gryffindor,"['Sorting Hat', 'Gryffindor']"
What does Harry do when he grows up?,He works as an Auror for the Ministry of Magic.,['Ministry of Magic']
Which is the exciting moment in the book that is cut out of the movie?,Gryffindor winning the Quidditch Cup,"['Gryffindor', 'Quidditch']"
Which Wizarding World publication contains series about the Crumple-Horned Snorkack?,The Quibbler,['Wizard']
Harry is known for his talents in Quidditch. What is the max speed for a Firebolt broomstick?,150 mph.,"['Fir', 'Quidditch']"
Why does Neville Longbottom faint in Herbology class?,"His earmuffs were loose, so he heard the cry of the baby mandrake.",['Neville Longbottom']
Where’s Peeves favorite place to swim?,Boys’ ground floor toilets,['Boy']
What does the reductor curse do?,Blasts objects into pieces.,[]
Can the Extinguishing Charm be used to put out dragon fire?,"Yes, it can.",[]
In which of these scenarios would you use Cistem Aperio?,Blasting Open a Locked Trunk,"['Cistem Aperio', 'Cistem Aperio']"
What does 'Avis' conjure?,Birds,[]
The Broom Casting technique enables one to do what while flying?,Cast spells.,[]
"What does Glumbubles treacle induce, if ingested?",Melancholy.,[]
Who is the second Peverell brother?,Cadmus Peverell,[]
Which Quidditch players fend off the Bludgers?,The Beaters,['Quidditch']
Who wrote A History of Magic?,Bathilda Bagshot,['Bathilda Bagshot']
What is Gilderoy Lockhart’s autobiography called?,Magical Me,"['Gilderoy Lockhart', 'Gilderoy Lockhart']"
What animal did Ginny joke that Ron had tattooed on his body?,Pygmy Puff,[]
Who is the author of 'Curses and Counter-Curses'?,Vindictus Viridian,[]
How many players are on a Quidditch team?,Seven,['Quidditch']
What is Parvati Patil’s Boggart in the book and the movie?,"In the book, a mummy; in the movie, a giant cobra",['Parvati Patil']
Which Ministry of Magic department regulates Quidditch?,Magical Games and Sports,"['Ministry of Magic', 'Quidditch']"
What ghost does Peeve fear?,Bloody Baron,['Bloody Baron']
Where do vanished items go?,Into non-being,[]
Who wrote the Dream Oracle?,Inigo Imago,[]
What is the side effect of Pepperup Potion?,Steam Coming from the Ears,[]
Which best describes the effects of a Switching Spell?,Switching Two Targets Simultaneously,[]
Which potions does not contain Valerian Sprigs?,Polyjuice Potion.,['Polyjuice Potion']
What property do you have to account for in Transfiguration?,Target's weight.,[]
Which sweet-smelling plant changes its scent?,Flutterby Bush,[]
Which Quidditch ball is the biggest?,Quaffle,['Quidditch']
"In the Quidditch World Cup, Ireland's team had three main chasers: Mullet, Troy, and Moran. Which one scored the first goal?",Troy.,"['Quidditch World Cup', 'Quidditch']"
How many points is a goal worth?,Ten,[]
I bet you don't know how many wizards serve on the Wizengamot!,50,[]
What does the incantation 'Incarcerous' conjure?,Binding ropes,['Incarcerous']
"When Riding Facing Backwards, how does steering work?",Turn to the opposite direction.,[]
How is Quodpot different from Quidditch?,The ball explodes,['Quidditch']
"In The Sorcerer’s Stone, Harry and his friends are awarded last-minute House Points, putting Gryffindor ahead of Slytherin by just 10 points. What was the final tally?",482 to 472.,"['Gryffindor', 'Slytherin']"
In what potion is the Sneezewort featured?,Befuddlement Draught.,[]
What followed the Soap Blizzard of 1378?,Wizarding Economic Bubble Burst,['Wizard']
Which incantation changes a person's hair color?,Crinus Muto,[]
What animal did Neville Longbottom lose on the Hogwarts Express?,Toad,"['Neville Longbottom', 'Hogwarts Express', 'Hogwarts']"
What colour does the presence of a ghost turn flames?,Blue,[]
This one's a piece of cake. Name a magical plant whose roots can be used in many potions.,Valerian,[]
How does Dumbledore escape from his office when the Ministry of Magic comes to take him to Azkaban?,"He grabs Fawkes’s tail, and they disappear in a flash of fire.",['Ministry of Magic']
Quidditch players are constantly at risk of injury throughout the game. How many possible Quidditch fouls are there?,700.,['Quidditch']
"What was the name of the house where the Weasleys once lived, which became a second home to Harry Potter?",The Burrow,"['Harry Potter', 'The Burrow', 'The Burrow']"
What did Harry do to get him temporarily expelled from Hogwarts?,He chases away dementors,['Hogwarts']
What is the Fwooper plumage used as?,A quill,[]
In what year was the book Harry Potter and the Sorcerer’s Stone released in the United States?,1998,['Harry Potter']
What item in the Headmaster's Office allows you to review bottled memories?,The Pensieve,"[""Headmaster's Office"", 'Pensieve', 'The Pensieve']"
What do Switching Spells do?,Swap Objects for Each Other,['Other']
Which finger was Peter Pettigrew missing?,Right index finger,"['Peter Pettigrew', 'Peter Pettigrew']"
Dumbledore has a scar above his left knee that is a perfect map of what?,The London Underground,[]
Madam Hooch has distinct yellow what?,Eyes,[]
What can cause a person's patronus to change?,Major life events,[]
What's the first step to performing a Bell Tailslide?,Flying straight up.,[]
What do you feed a newly-hatched dragon?,Brandy and chicken blood,[]
Who wrote The Owl Airforce: True Life Tales of War in Europe?,Simon Dentata,[]
How do first years get from the Hogsmeade train station to the castle?,They take boats over the lake.,['Hogsmeade']
What are switching spells?,Simultaneous Transfigurations,[]
What was the name of the Quidditch team on the sock Mrs. Weasley tries to give to Harry?,Puddlemere United,['Quidditch']
This one is a doozy. Name every ingredient contained in Polyjuice Potion. (Hint: There are seven.),"Lacewing flies, leeches, powdered Bicorn horn, knotgrass, fluxweed, shredded Boomslang skin, and a bit of the person you want to turn into.",['Polyjuice Potion']
On which day do some staircases in Hogwarts Castle lead to somewhere different?,Friday,['Hogwarts']
Touching the trunk of a Wiggentree protects you from what?,Dark Creatures,[]
Myomancy involves observation of which creatures?,Mice and rats,[]
When was dragon-breeding outlawed?,Warlocks' Convention of 1709,[]
What do I hate most of all?,Myths and Legends,[]
What is the Chudley Cannons' team colour?,Orange,[]
"You may have heard that Luna Lovegood wears shoes to bed, but does anyone know the reason?",She sleepwalks,"['Luna Lovegood', 'Luna Lovegood']"
What's another name for Belladonna?,Deadly Nightshade,[]
Many know that Gryffindor's ghost is Nearly Headless Nick. But what is his full name?,Sir Nicholas de Mimsy-Porpington.,"['Nearly Headless Nick', 'Man', 'Gryffindor']"
What kind of pest repellant was Hagrid looking for when saw Harry in Knockturn Alley?,Flesh-Eating Slugs,"['All', 'Knockturn Alley']"
Which of these is needed for successful broom casting?,Balance,[]
How many students sleep in each Hogwarts dormitory?,5,['Hogwarts']
What is the incantation for the tongue-tying curse?,Mimblewimble.,[]
Who slayed Bellatrix Lestrange?,Molly Weasley,"['Bellatrix Lestrange', 'Molly Weasley']"
"In the book version of Harry Potter and the Half-Blood Prince, who finds Harry on the Hogwarts Express after Malfoy breaks his nose and leaves him under the Invisibility Cloak?",Tonks,"['Harry Potter', 'Harry Potter and the Half-Blood Prince', 'Hogwarts Express', 'Hogwarts']"
What were the wizards who cooperated with the Muggles called?,Scourers.,[]
Which room did the members of Dumbledore's Army use as a hideout?,The Room of Requirement,"['Room of Requirement', ""Dumbledore's Army""]"
When was Quidditch invented?,1050 AD,['Quidditch']
What spellbook contains the Leg-Locker Curse?,Curses and Counter-Curses,['Leg-Locker Curse']
Who is Harry's godfather?,Sirius Black,"['Sirius Black', 'Sirius Black']"
What type of ball attempts to hit players?,Bludger,[]
What does Ginny say Ron has a tattoo of?,A Pygmy Puff,[]
What form does Snape's patronus take?,Doe,['Doe']
What's the name of the joke shop in Hogsmeade?,Zonko's,['Hogsmeade']
What subject foes Headmistress McGonagall teach?,Transfiguration,[]
"What is the name of the Hogwarts house known for its ambition, cunning, and resourcefulness?",Slytherin,"['Slytherin', 'Hogwarts']"
What year do Hogwarts students take O.W.L.s?,Fifth year,['Hogwarts']
How many points is a goal worth?,Ten,[]
What family does Winky the house-elf belong to before working at Hogwarts?,The Crouch family,['Hogwarts']
What non-human species practices Divination?,Centaurs,"['Centaur', 'Centaur']"
What differentiates Knarls from hedgehogs?,Their suspicious nature,[]
Which Ghost haunts the Girls' Bathroom at Hogwarts?,"""Moaning"" Myrtle Warren","['Girl', 'Ghost', 'Ghost', 'Hogwarts']"
Where are flying lessons held?,Training Grounds,[]
"Who is NOT in Slytherin: Lavender Brown, Pansy Parkinson, Blaise Zabini, or Gregory Goyle?",Lavender Brown,"['Lavender Brown', 'Pansy Parkinson', 'Gregory Goyle', 'Blaise Zabini', 'Slytherin']"
What are Nettles known for?,Stinging Hairs,[]
What does Harry do to impress Professor McGonagall enough that she gets him on the Gryffindor Quidditch team?,Catches Neville Longbottom’s Remembrall,"['Neville Longbottom', 'Gryffindor', 'Cat', 'Quidditch']"
Who is Harry Potter's godfather?,Sirius Black,"['Harry Potter', 'Sirius Black', 'Sirius Black']"
What is the effect of Wideye Potion?,Keeps you awake,[]
When did Godric's fellow founders and Godric found Hogwarts?,10th Century,['Hogwarts']
Where is the British and Irish Quidditch League Headquarters located?,The Ministry of Magic,"['Ministry of Magic', 'Quidditch', 'The Ministry of Magic']"
What class does Professor Vector teach?,Arithmancy,[]
Remus Lupin was known to his friends by what nickname?,Moony,['Remus Lupin']
What is the best way to extract juice from the Sopophorous Bean?,Crush it,[]
What do aurors do?,Catch dark wizards.,['Cat']
What is the name of the magical map that shows the entire layout of Hogwarts?,Marauder's Map,['Hogwarts']
Which clause in the Code of Wand Use prohibits non-humans from using wands?,Clause Three,[]
Which of the following reptile's blood is used for Wiggenweld Potion?,Salamander,[]
Who is the Charms professor?,Professor Flitwick,[]
Which trait did Helga Hufflepuff value the most?,Loyalty,['Hufflepuff']
The Vermillious charm produces what colour sparks?,Red,[]
Where is the best place to buy flesh-eating slug repellent?,Diagon Alley,"['All', 'Diagon Alley', 'Diagon Alley']"
Who is the conductor of the Frog Choir?,Filius Flitwick,['Filius Flitwick']
"When Riding Facing Backwards, how does steering work?",Turn to the opposite direction.,[]
Porlocks guard herds of what non-magical creatures?,Horses,['Horse']
What is the primary use of the charm Scourgify?,Cleaning,[]
What's the most unfun job at Hogwarts?,Caretaker,['Hogwarts']
What is the primary use of Murtlap essence?,Soothing wounds,[]
Which species commandeered the Giant Wars?,Giants,['Giant']
What plant helps you breathe underwater?,Gillyweed,[]
Who previously held Snape's post?,Horace Slughorn,"['Horace Slughorn', 'Horace Slughorn']"
Which sub-branch of Transfiguration is considered to be the most difficult?,Human Transfiguration,"['Human', 'Human']"
Who's the best person to tease?,Argus Filch,['Argus Filch']
What creature was the Golden Snitch invented to replace?,Golden Snidget,[]
Who was the first witch or wizard to hatch a basilisk?,Herpo the Foul,[]
"What kind of creature is Newt's companion, Pickett?",Bowtruckle,[]
How old are students when they first attend Hogwarts?,11-years-old,['Hogwarts']
What is the incantation for the Shield Charm?,Protego,"['Protego', 'Shield Charm']"
Where did Emeric the Evil spend most of his life?,England,[]
Which Quidditch team only has female players?,Holyhead Harpies,['Quidditch']
What magical creature runs guards wand wood trees?,Bowtruckles,[]
Where could you buy broomsticks?,Quality Quidditch Supplies,['Quidditch']
The Pack Charm is what type of charm?,Household Charm,[]
Which incantation can levitate an object?,Wingardium Leviosa,['Wingardium Leviosa']
Who killed Sirius Black?,Bellatrix Lestrange,"['Sirius Black', 'Bellatrix Lestrange', 'Sirius Black']"
How many points is a goal worth?,Ten,[]
Where is the British and Irish Quidditch League Headquarters located?,The Ministry of Magic,"['Ministry of Magic', 'Quidditch', 'The Ministry of Magic']"
Where did Dumbledore and Grindelwald make the Blood Pact?,Barn,[]
Which team is in last place?,Chudley Cannons,[]
Which is not a form of dance?,Staccato,[]
What does the Draught Charm cause?,Dryness,[]
Which of the following is NOT another name for Belladonna?,Flitterbloom,[]
What replaced the Wizards' Council?,The Ministry of Magic.,"['Wizard', 'Ministry of Magic', 'The Ministry of Magic']"
Which skill is most useful for surfing loops?,Balance.,[]
What potion is used to rid yourself of Doxies?,Doxycide,[]
What makes magical photographs move?,Developing solution,[]
Who was the Journalist at The Daily Prophet in the Harry Potter series?,Rita Skeeter,"['Harry Potter', 'Rita Skeeter', 'Rita Skeeter']"
What magical sport is popular in North America?,Quodpot,[]
Who was Harry Potter's godfather?,Sirius Black,"['Harry Potter', 'Sirius Black', 'Sirius Black']"
Which of these is not a species of dragon?,Finnish Flamethrower,[]
What makes a transformation easier?,Similarity in appearance,[]
What spell unmasked Gellert Grindelwald in 1926?,Revelio,"['Gellert Grindelwald', 'Revelio']"
Which team is in last place?,Chudley Cannons,[]
I bet you don't know how many wizards serve on the Wizengamot!,50,[]
"Who is NOT in Gryffindor: Harry Potter, Ron Weasley, Draco Malfoy, or Ginny Weasley?",Draco Malfoy,"['Harry Potter', 'Ron Weasley', 'Draco Malfoy', 'Ginny Weasley', 'Gryffindor']"
What was the name of the person who was the original owner of the Elder Wand?,Antioch Peverell,['Elder']
Can Ascendio be used underwater?,"Yes, it can",[]
"When Neville Longbottom dresses his Boggart (Professor Snape) up in his grandmother’s clothes, what stuffed bird is on top of the hat?",A vulture,['Neville Longbottom']
What is the name of Filch's cat?,Mrs. Norris,[]
What children's book contains the story of the Deathly Hallows?,The Tales of Beedle the Bard,[]
"In Book 7, what three Ministry of Magic employees do Ron, Harry, and Hermione impersonate?","Mafalda Hopkirk, Reginald Cattermole, and Albert Runcorn.","['Cat', 'Ministry of Magic']"
Who is Harry's first crush?,Cho Chang,['Cho Chang']
"Dittany, mixed with this ingredient, can cure a Werewolf bite.",Powdered Silver,['Werewolf']
Who left the lightning-shaped scar on Harry Potter's forehead?,Voldemort,"['Harry Potter', 'Voldemort']"
Did the werewolf code of conduct work?,No,[]
What happens when you touch a Wiggentree?,Protection from Dark Creatures,[]
How many students sleep in each dormitory?,5,[]
Bowtruckles are especially fond of what tree?,Wiggentrees,[]
Which plant's pus clears up acne?,Bubotuber,[]
What is Salazar Slytherin's signature item?,Locket,['Slytherin']
Who teaches Potions class this year?,Professor Horace Slughorn,"['Horace Slughorn', 'Horace Slughorn']"
This real-life library served as the restricted section of the Hogwarts library in the film version. Which is it?,The Bodleian Library at Oxford University,"['Library', 'Hogwarts']"
Acromantula is the name for a giant version of what creature?,Spider,['Acromantula']
What is the incantation of the scrubbing spell?,Scourgify,[]
"In the Chamber of Secrets, the tears of the Phoenix cured the Poison of what creature?",Basilisk,"['Basilisk', 'Phoenix', 'Chamber of Secrets', 'Chamber of Secrets']"
"In Book 4, what magical creature does Harry answer a riddle from in the maze during the Triwizard Tournament?",A sphinx.,[]
How was Hermione able to take extra lessons?,She used a time-turner,[]
Which Quidditch players score goals?,The Chasers,['Quidditch']
What is the name of the Weasley family home?,The Burrow,"['The Burrow', 'The Burrow']"
Which of these is needed for successful broom casting?,Balance,[]
How do fairies communicate?,By buzzing.,[]
What magical sport is popular in North America?,Quodpot,[]
What school-aged peer is Harry's nemesis throughout his time at Hogwarts?,Draco Malfoy.,"['Draco Malfoy', 'Hogwarts']"
What ingredient from the Potions Storeroom did Snape ask you to retrieve in order to restore House Points?,Pickled Slugs,[]
What does the spell Accio do?,Summons objects,['Accio']
"Before Dumbledore, who was the Headmaster of Hogwarts?",Armando Dippet,['Hogwarts']
"When Harry was learning the Patronus Charm, what happy memory did he initially use?",The first time he rode a broom,['Patronus Charm']
No spell yet devised allows a wizard to what?,Fly unaided,[]
"In Harry Potter and the Prisoner of Azkaban, whose portrait replaces the Fat Lady after she is attacked?",Sir Cadogan,"['Harry Potter', 'Harry Potter and the Prisoner of Azkaban']"
Which elective is occasionally offered at Hogwarts?,Alchemy,['Hogwarts']
What is Harry's middle name?,James,[]
"On the wall across from the Room of Requirement, there is a tapestry showing a wizard trying to teach trolls ballet. What's his name?",Barnabus the Barmy.,['Room of Requirement']
What is the name of the Hogwarts poltergeist?,Peeves,['Hogwarts']
What did Professor Snape tell Harry could Detoxify people from most kinds of poisons?,Bezoar,[]
"If I wanted to use an Ageing Potion to make myself significantly older, what would I do?",Drink a Bigger Quantity,[]
Which plant produces stinking sap?,Mimbulus Mimbletonia,[]
Where is the entrance to St. Mungos located?,Muggle London,[]
What is the counter-charm to Colloportus?,Alohomora,"['Alohomora', 'Colloportus']"
What incantation marks the air with a burning trail?,Flagrate,[]
Bowling dates to what ancient civilization?,Ancient Egypt,[]
What magazine does Xenophilius Lovegood publish?,The Quibbler,['Xenophilius Lovegood']
Why do Ron Weasley and Hermione Granger stop speaking?,"Ron blames Hermione’s cat, Crookshanks, for the disappearance of his pet rat, Scabbers.","['Ron Weasley', 'Hermione Granger']"
A Nimbus is a type of what?,Broom,[]
When was the Werewolf Code of Conduct developed?,1637,['Werewolf']
What lives in the Forbidden Forest?,Intelligent wolves,['Forbidden Forest']
At what age do children receive their Hogwarts letter?,11,['Hogwarts']
No spell yet devised allows a wizard to what?,Fly unaided,[]
Who founded St Mungo's Hospital?,Mungo Bonham,[]
Which of these is not a type of broom?,Phoenix,['Phoenix']
What does Harry do with his winnings from the Triwizard Tournament?,Gives it to the Weasley Twins,[]
What do Uncle Vernon and Aunt Petunia give Harry for Christmas?,A 50-pence piece,[]
What is the name of the place where students buy their school supplies?,Diagon Alley,"['All', 'Diagon Alley', 'Diagon Alley']"
Who created the International Statute of Wizarding Secrecy?,International Confederation of Wizards,['Wizard']
Who is Dobby's original owner?,Lucius Malfoy,"['Lucius Malfoy', 'Dobby']"
"What is Fred Weasley’s chosen code name on Potterwatch, the secretive radio programme set up by the Order of the Phoenix?",Rapier.,"['Fred Weasley', 'Phoenix']"
What is required in the manoeuvre Taking Passengers?,Complete cooperation.,[]
"When Hermione Granger is found Petrified, she is not alone. Who is with her?",Penelope Clearwater,"['Hermione Granger', 'Petrified']"
Which of the following creatures eat Fairy Eggs?,Bowtruckles,[]
Who is the Divination professor?,Professor Trelawney,[]
"According to Madam Hooch, which of the following increases your chances of falling to your death? Maybe you should take these as suggestions.",Long hair,[]
Which member of the Council became the first Minister of Magic?,Ulick Gamp,[]
What does Cave Inimicum do?,Conceals presences,[]
What is the use of a draught of peace?,Calming the drinker,[]
"When Riding Facing Backwards, how does steering work?",Turn to the opposite direction.,[]
Which insect is Ron afraid of?,Spiders,[]
"Which of these spells is most similar to Flipendo, the Knockback Jinx?",Depulso,[]
Which condition could be remedied by a Calming Draught?,Shock,[]
What is Godric Gryffindor's signature item?,Sword,['Gryffindor']
What does Colovaria do?,Change Something's Colour,[]
Who wrote Fantastic Beasts and Where to Find Them?,Newt Scamander,[]
No spell yet devised allows a wizard to what?,Fly unaided,[]
When does Quidditch season begin?,A September,['Quidditch']
How many possible Quidditch fouls are there?,700,['Quidditch']
What office does Arthur Weasley work for in the Ministry of Magic?,The Misuse of Muggle Artefacts Office,"['Arthur Weasley', 'Ministry of Magic']"
Where was the first meeting of Dumbledore's Army?,Hog's Head Inn,"[""Dumbledore's Army""]"
What do Flobberworms eat?,Lettuce,[]
What is Snape's birthday?,"Jan. 9, 1960",[]
How is Quodpot different from Quidditch?,The ball explodes,['Quidditch']
Which spell is one of the Unforgivable Curses?,Crucio,['Crucio']
Who is the Half-Blood Prince?,Severus Snape,['Severus Snape']
Which Quidditch players score goals?,The Chasers,['Quidditch']
What is at the base of the Whomping Willow?,A tunnel that leads to the Shrieking Shack.,"['Whomping Willow', 'Willow', 'Shrieking Shack', 'Whomping Willow', 'Whomping Willow']"
A Firebolt is a type of what?,Broom,['Fir']
What is the name of the spell used to conjure the Patronus Charm?,Expecto Patronum,"['Expecto Patronum', 'Patronus Charm']"
Why would you need to switch brooms midair?,Broom failure,[]
How old is Professor Snape?,About 30,[]
"In the book, where do Hermione Granger’s parents move to?",Australia,['Hermione Granger']
Who is the Headmaster of Hogwarts when Harry arrives?,Albus Dumbledore.,"['Albus Dumbledore', 'Hogwarts']"
What makes the Manticore's tail so dangerous?,Its deadly sting,['Man']
Harry uses Parseltongue to speak to which creatures?,Snake,['Snake']
Who guards the entrance to the Gryffindor common room?,The Fat Lady,"['The Fat Lady', 'Gryffindor']"
Which of the following Charms did we learn in the first year?,Knockback Jinx,[]
Which of these factors does not affect Transfiguration?,Hue,[]
Why shouldn't you drop Puffapod beans?,They'll bloom,[]
Which of the following is another dive commonly used by Seekers?,Spiral Dive,[]
What is Bubotuber pus used for?,Clearing up acne,[]
